"metric","n_sites","r_squared","p_value"
"log10(Biomass)",47,0.251,0.000335561506784789
"F:B Ratio",47,0.284,0.000116517683017405
"Stress Index",47,0.276,0.000148165238838886
